,X,X,X,X,X,X,X,Y,Y,Y
,X.0,X.1,X.2,X.3,X.4,X.5,X.6,Y.0,Y.1,Y.2
0,0.44373047120794085,1.389356729254084,-0.3093290815369817,-0.5186672604975483,-1.249962122844376,0.8945131778209614,0.30059047657325433,0.5697587960458738,-0.17489550520352637,-0.7226830974369054
1,0.7538914893709442,2.242066837035698,0.26585727943119647,0.5768226062074372,-0.7875710882257598,-1.6874706675475086,-0.25722548612961843,0.8473421223627504,0.155286148213457,-1.0741753230086248
2,0.30059047657325433,0.46221618781381296,-1.346828517718744,-0.0208553531942418,-2.522696500579249,-0.46221618781381296,0.721046133567157,-0.6460472012190602,-0.7530736245016377,0.10580452149291766
3,-1.5915776499281509,-1.0555357170318562,-2.8076590407025126,0.9324952651595985,-0.5378485226915792,-1.4583011566766744,-1.8019953590840236,-2.76387148891631,2.828453333852907,5.0488274689370565
4,-0.710270008552822,-0.6995757397817438,1.0851184049821971,-0.3356902468324886,0.46221618781381296,-0.8221687145327117,0.731906648584623,-0.40072249216346484,-0.7342411702793594,-0.3918490632881505
5,-0.0960752694489719,1.1002719876323679,0.4345445578060761,0.1296561719082316,0.5572297539347307,-0.8457903400523649,0.5378485226915791,0.9476553470662715,0.545114619604879,-0.6719205078410965
6,0.6679601230450313,0.5966394446157477,0.46221618781381324,-0.4996749655626107,-0.710270008552822,-0.24861281605105168,0.4345445578060758,0.581662552738857,-0.14896126662797235,-0.9095031661024338
7,-0.38016014069276066,-1.1313626933670515,-1.0128179338182373,0.08769841954222442,2.3594617051538367,0.8698936082889657,0.05424658123770068,-0.3918218169083831,-0.775637159988097,-0.3643693388452179
8,-0.8221687145327117,0.5669989721224519,-0.8577796802495895,-0.5091481559220115,0.5867022246019212,0.6784231040715445,-1.5349716100695376,-0.7969461127422423,-0.6085233297562525,0.20116572661027254
9,-0.3356902468324886,1.8019953590840225,-2.149274632201719,0.06260239079232215,0.12124871113532838,0.9196872529931972,-0.3712086534301879,0.10298755048707925,-0.5808148357709053,-0.6004137016982923
10,0.029199526837972587,-0.32687815426414574,-0.9989834342493055,1.5349716100695372,-0.012512631381974233,-0.0208553531942418,-1.6219033132775285,-0.4847233417049972,-0.7704889399271155,0.0630418630125609
11,-0.24001854853891041,-0.08769841954222442,0.3712086534301884,-0.2143391027120344,1.8939249728447598,-0.721046133567157,0.6268136720144569,0.44575183357929793,-0.3387632393268776,-0.5204606889711937
12,0.5966394446157477,1.0851184049821965,1.5349716100695376,0.29187476597670226,0.8221687145327118,-0.11284981229956562,-1.1473260691824831,1.7858901419478581,2.395912069066716,-1.1442923523140531
13,0.9070283622762967,-1.041085288982287,-1.3066057748358244,-0.7538914893709439,-0.576822606207437,0.9324952651595985,0.5768226062074372,-0.7043506925568661,-0.7478892656954113,-0.06104352635735829
14,-0.40720177869864144,0.6575697610099613,2.0053672265481524,0.5475134298761218,0.8105285466044582,1.6219033132775278,1.8460113841810712,2.309568420276038,4.142191614050585,3.281153272700616
15,-0.2143391027120344,-0.434544557806076,1.1473260691824838,-0.25722548612961843,0.1296561719082316,-1.3893567292540852,-0.7428541873571135,-0.646535176114839,-0.7452697084314653,0.3191569268707873
16,-0.2658572794311963,0.8821365564071922,0.7875710882257602,-0.721046133567157,1.2683925497995918,0.721046133567157,-0.15493607948972357,1.0684255921305308,0.7663521263576535,-0.3305409642855964
17,1.2143226213472547,-2.242066837035704,1.367783402166593,-0.907028362276297,0.1972987039966694,0.283181171411341,0.9718726999970247,0.5990952184642836,-0.07347725633719196,-0.48527908890921345
18,0.606635934841227,1.1801621817564119,-0.8698936082889656,1.4345578435341102,-2.242066837035704,0.25722548612961843,0.833921362150137,0.929573341745274,0.4972973127020347,-0.6630079795506251
19,1.2319467739264338,-1.1801621817564125,0.25722548612961876,-0.15493607948972357,-1.0702099871595612,0.45295398112756907,-0.5282335976225958,-0.24752630948166232,-0.7477623623240975,-0.13509986522078374
20,0.6784231040715445,0.5572297539347307,-1.434557843534109,1.0702099871595612,-1.012817933818238,0.09607526944897177,-0.28318117141134114,0.20069574075537755,-0.5115461776776591,-0.5991946197051781
21,-1.1002719876323679,0.47151821873292526,-0.5378485226915789,0.6679601230450313,0.9585817976590423,1.4828962862579145,0.26585727943119614,0.5435822602828685,-0.16102284780036574,0.13360268184525725
22,-1.041085288982287,0.6889608881245542,-0.9853375387664454,-1.041085288982287,0.8945131778209614,2.14927463220172,2.522696500579249,0.172236226099632,-0.819850603090562,0.15420613302667313
23,-0.9585817976590423,0.8457903400523648,-0.30059047657325455,-1.1313626933670515,-2.0719702099152606,-1.4345578435341098,0.8221687145327118,-1.5265629469610615,0.039331030558200204,1.449120784223492
24,1.8019953590840225,0.18031540813201805,-1.3264488983998604,-2.522696500579249,-0.9989834342493058,-1.012817933818238,-0.2658572794311963,-1.1818821257471352,-0.5844692281157366,2.0865268294170503
25,0.38016014069276066,-0.6369985360583732,-0.25722548612961815,0.30059047657325433,1.6874706675475086,0.9718726999970247,0.6889608881245542,1.0059065551902107,0.5023352779190784,0.42773084875299777
26,-1.367783402166593,0.6472499103600029,-0.5091481559220111,0.5572297539347307,-2.149274632201722,-0.16338396603577712,-0.425395166740612,-1.1667184263254322,-0.42196322577278705,0.8876688482468568
27,-1.0851184049821965,-0.0960752694489719,-0.4529539811275687,-0.40720177869864144,1.458301156676674,0.5966394446157477,-0.8221687145327117,-0.6687780960740336,-0.7155148483031021,-0.26963129935145713
28,1.2683925497995918,-0.3712086534301879,0.6784231040715449,0.5867022246019212,1.5349716100695372,0.11284981229956575,-1.3893567292540852,1.2765621213613811,1.3250891891297332,-0.9590977999580061
29,-0.6575697610099613,-0.7989971779962034,0.8105285466044586,1.041085288982287,-1.197067788352746,0.9585817976590423,0.15493607948972357,-0.11901352403086253,-0.7077647963558323,-0.4227358401076529
30,0.23144197297857383,0.8221687145327118,-0.7875710882257595,-1.0702099871595612,0.07096257358198961,0.4996749655626106,0.11284981229956575,-0.045651934659356234,-0.6296606171474921,-0.5218106615422682
31,-0.44373047120794085,0.606635934841227,0.3533937178040879,-0.9989834342493058,-1.214322621347255,0.29187476597670226,1.4828962862579145,-0.14551300807904716,-0.7435590295407111,-0.39197538977145613
32,-0.20581143290590442,-0.7538914893709439,0.7762469071305167,0.8457903400523648,-0.0960752694489719,-0.1888002489323865,-0.6066359348412272,-0.13360781802068317,-0.6746856927211299,-0.3352162534265141
33,-1.4345578435341098,0.09607526944897177,-1.2319467739264327,-1.0555357170318562,0.05424658123770068,1.8460113841810712,-1.231946773926433,-1.5286144415479048,0.13088114085217176,0.9505675853228909
34,0.8457903400523648,0.5282335976225955,0.5768226062074374,-1.946627693784328,2.807659040702493,-1.8019953590840236,-0.35339371780408774,0.5226061124487515,-0.1250266414437592,-0.8034835164105235
35,-1.0268490477640357,0.731906648584623,-2.071970209915258,0.371208653430188,-0.7319066485846231,0.7538914893709442,0.48086122977470847,-0.5798544467240534,-0.7593512732817549,-0.17989683891572536
36,-0.07932771916556124,0.11284981229956575,0.7210461335671574,1.4828962862579145,-0.35339371780408774,1.0851184049821965,0.02085535319424138,1.1935074393039573,1.0074929059483746,-0.050456819269202854
37,-0.907028362276297,-0.5186672604975483,-1.0268490477640353,-0.5669989721224522,-0.38016014069276066,-1.3066057748358249,-0.3356902468324886,-2.404281488154636,1.8232910764602743,3.5697076997233546
38,-0.012512631381974233,0.3268781542641454,1.621903313277529,0.46221618781381296,-0.037545734036468714,-1.214322621347255,-0.4902464065184671,0.5173869610525302,-0.24508572472461101,-0.8062475347776538
39,-0.434544557806076,-0.1888002489323865,-2.2420668370357006,0.38016014069276066,-0.10445886666158942,-1.0702099871595612,0.49024640651846685,-1.1626883786289732,-0.3258960740949449,0.39375709492128336
40,-0.576822606207437,-1.946627693784328,0.2400185485389107,-1.3066057748358249,0.16338396603577698,-0.3180913723576141,-1.3468285177187447,-1.985897372194038,0.8124378939915026,2.6234430496745116
41,1.367783402166593,-0.2143391027120344,-0.18880024893238623,-0.5867022246019213,2.0053672265481506,-1.0851184049821965,0.8457903400523648,0.6242679314586803,0.025843063952044845,-0.6777040068108252
42,1.1801621817564119,0.1888002489323865,-0.3981557540698571,-1.4345578435341098,0.9196872529931972,0.49024640651846685,-1.5084226680065709,0.2459421489585141,-0.5035766916006551,-0.6719344092432048
43,-2.0053672265481515,-1.012817933818238,1.3264488983998604,-1.5915776499281509,0.5186672604975485,0.6889608881245542,0.6472499103600029,-0.6270211826185874,-0.8180349625758234,-0.26988151758959517
44,-1.2683925497995923,-0.5475134298761218,0.07932771916556138,-1.2872641985332995,-0.434544557806076,0.6268136720144569,-0.85777968024959,-1.7089075571331607,0.44951424084664293,1.4731371133335192
45,0.1972987039966694,0.20581143290590442,0.8945131778209617,-0.1888002489323865,0.9454581061489408,0.004170780385701751,-0.7875710882257598,0.7809546916394985,0.2460278998771768,-0.9587628303854582
46,1.1313626933670515,1.2872641985332982,0.9718726999970251,-0.434544557806076,1.411596790165977,0.6472499103600029,-0.44373047120794085,2.21989954743605,3.850042444691238,-0.2628968562701671
47,-0.18031540813201824,0.02085535319424138,-0.5669989721224519,1.6874706675475086,-0.7989971779962034,0.14649923597817663,0.7102700085528222,0.10735379632763954,-0.5088372699625998,-0.5178582005021053
48,-0.47151821873292543,0.9070283622762967,1.2499621228443765,-1.1156825323125084,-1.6537984611275751,0.9853375387664456,-0.8339213621501375,-0.2007369089304635,-0.715982143068383,-0.3618143814832847
49,0.721046133567157,-0.7319066485846231,-0.7210461335671567,-0.38914219451643767,0.5475134298761218,-0.6575697610099613,1.012817933818238,-0.19460073364458585,-0.7025841329994938,-0.3352715588538115
50,1.055535717031856,-0.85777968024959,-0.6472499103600023,-0.24001854853891041,0.6889608881245542,-0.9853375387664456,0.3356902468324885,-0.2940418516495494,-0.6722871555893117,-0.3942446306794784
51,0.13807280764372973,0.23144197297857383,2.3594617051538407,2.807659040702493,-0.362286812898804,-1.8460113841810712,-0.3180913723576141,0.87335942598973,0.3297931584968437,-1.0614279762564567
52,-0.4162812488006706,-0.5966394446157477,0.04589455750525127,0.283181171411341,1.7231726822065483,1.389356729254084,0.029199526837972587,0.5910181457815803,-0.25264572485803966,-0.05225299021650235
53,0.6889608881245542,1.946627693784328,1.1970677883527472,-0.5378485226915792,-0.08769841954222442,-0.8339213621501375,-1.1801621817564125,0.8411730053732639,0.07090206935414493,-1.1167430935150784
54,1.5626488203072162,-1.3264488983998615,0.38914219451643783,-0.576822606207437,1.5084226680065715,0.3268781542641454,1.346828517718744,1.0925345538977849,0.6284957787202703,0.19001754407363247
55,0.7428541873571131,-0.6166934176788856,1.2872641985332989,1.367783402166593,-1.1002719876323679,1.5915776499281502,1.411596790165977,1.7255162594011815,2.1005746787046884,0.8178031153087567
56,1.1473260691824831,-1.4345578435341098,1.0555357170318564,0.47151821873292526,1.6537984611275756,-0.6995757397817438,0.23144197297857383,1.0761243490005161,0.8686737164225344,-0.6113005866828529
57,0.3268781542641454,0.283181171411341,0.10445886666158942,-1.231946773926433,-0.45295398112756896,0.7102700085528222,-0.721046133567157,-0.1867780693862929,-0.7271015418871797,-0.23709570781579475
58,0.24001854853891041,1.055535717031856,-1.2872641985332982,-0.8221687145327117,2.242066837035698,-1.3468285177187447,-1.8939249728447594,-0.5248595060622226,-0.8844068207684603,0.5085696985197949
59,0.833921362150137,1.6874706675475086,-0.6784231040715443,0.6268136720144569,1.0851184049821965,0.5378485226915791,-0.07932771916556124,1.801086712815971,2.6229551721685462,-0.0505980743483377
60,-0.8457903400523649,-0.7762469071305166,1.3893567292540845,0.05424658123770068,0.5669989721224519,2.242066837035698,-1.1002719876323679,0.04566708221144021,-0.5755623350021095,-0.433319233362183
61,-1.8019953590840236,0.5867022246019212,-1.1473260691824825,0.9853375387664456,0.037545734036468575,-0.9454581061489408,-0.06260239079232215,-0.903684538967377,-0.5277006407535121,0.1787811521683249
62,1.249962122844376,-0.869893608288966,0.02085535319424166,-0.8339213621501375,0.1888002489323865,0.1888002489323865,1.5349716100695372,0.39994746339647935,-0.3116431121698055,-0.5087222249174469
63,-0.35339371780408774,0.2486128160510515,-0.13807280764372915,0.85777968024959,2.522696500579249,0.8821365564071922,-0.38016014069276066,1.0169254089194373,0.5828262907619376,-0.1567897992167854
64,0.22288238833627233,-0.06260239079232215,-1.7231726822065472,-0.3712086534301879,0.3533937178040876,-0.5572297539347308,-1.2872641985332995,-1.150797661280704,-0.4094434194151392,1.4056099437131986
65,-0.1888002489323865,-0.30932908153698196,0.5572297539347311,-1.1002719876323679,0.5282335976225955,0.04589455750525099,-0.029199526837972587,-0.22090931301622363,-0.7600642509334489,-0.39283861378502655
66,-0.13807280764372945,0.14649923597817663,0.2228823883362726,0.2486128160510515,0.26585727943119614,1.1970677883527467,-0.29187476597670226,0.7616039883062062,0.02468968850799403,-0.44758576924111243
67,0.283181171411341,0.3356902468324885,0.9324952651595989,0.5091481559220111,-0.9196872529931975,-0.5091481559220115,1.2683925497995918,0.8919729948535483,0.5263295466829816,-0.6656587975181485
68,0.6575697610099613,1.1156825323125077,-1.562648820307214,-0.16338396603577712,-0.23144197297857383,-0.32687815426414574,-0.1888002489323865,0.006896281195696681,-0.6639963992685568,-0.4764786575072115
69,0.42539516674061234,1.5349716100695372,-0.6679601230450312,1.389356729254084,-0.34452848461654945,-2.807659040702527,-0.48086122977470824,0.3280454667725289,-0.4586110913995146,-0.6415268338597949
70,-1.562648820307215,0.49024640651846685,-0.12965617190823145,-0.18031540813201824,-0.5966394446157477,0.07096257358198961,0.5186672604975485,-0.713104665479083,-0.7230601973568402,-0.20763719546472328
71,-1.214322621347255,2.14927463220172,0.03754573403646885,1.2683925497995918,-1.3264488983998615,1.946627693784328,-0.0208553531942418,0.6262612846449025,-0.00690815072935311,-0.4802327468445371
72,0.09607526944897177,-0.16338396603577712,0.27450892713033914,0.7538914893709442,0.7650214060034457,0.47151821873292526,0.7650214060034457,1.2522111960107039,0.9846501907418184,0.4445841448013045
73,1.6219033132775278,-0.4902464065184671,-1.0410852889822866,-2.0719702099152606,0.21433910271203427,-0.6472499103600028,0.3981557540698575,-0.6897303817218674,-0.7634568635009513,0.2322527871053095
74,-0.30059047657325483,-0.12965617190823173,-0.08769841954222414,0.8698936082889657,1.0702099871595612,1.0268490477640355,-0.14649923597817677,0.7632950668975591,0.1723417448919031,-0.10621967793977931
75,-1.1313626933670515,0.10445886666158914,1.2319467739264345,-0.7319066485846231,-1.367783402166593,-0.6369985360583732,-0.6369985360583732,-1.3156545260496886,-0.26758645231326816,1.6326964025719117
76,2.242066837035698,-0.4996749655626107,0.24861281605105182,-0.3981557540698575,-1.3066057748358249,-0.3356902468324886,0.9070283622762967,0.12887746825112753,-0.5160688752166829,-0.45983453547983294
77,1.389356729254084,0.8945131778209614,0.9585817976590426,0.0793277191655611,0.9989834342493058,-0.6679601230450315,0.40720177869864155,2.088676176628294,3.4370824942617646,-0.4599154255068846
78,-1.5084226680065709,0.15493607948972357,2.8076590407025073,-1.249962122844376,0.2486128160510515,0.20581143290590442,-0.47151821873292543,-0.4525917875760833,-0.7084293400155353,-0.20302120961365788
79,1.1156825323125077,-0.14649923597817677,0.9454581061489412,-0.4162812488006706,-2.3594617051538336,0.44373047120794085,0.09607526944897177,0.4599002324316162,-0.23009486401007287,-0.8336867877480213
80,-2.242066837035704,-1.3468285177187447,-0.19729870399666893,0.48086122977470847,-1.0851184049821965,0.5186672604975485,2.242066837035698,-1.158615779839191,-0.49788802064771,-0.1434556641643922
81,0.5867022246019212,1.346828517718744,0.8821365564071928,-2.0053672265481515,0.9718726999970247,-0.5475134298761218,-0.6166934176788856,0.8260362959178987,0.31444490461985525,-1.2009773139613666
82,1.411596790165977,-2.3594617051538336,-0.7102700085528216,0.1718435290975232,0.6575697610099613,1.4345578435341102,0.1718435290975232,0.4323742520983061,-0.29285818330710833,-0.3659974454018415
83,0.9324952651595985,-0.5378485226915792,0.01251263138197451,-1.6874706675475086,0.3981557540698575,-0.6889608881245542,-0.22288238833627205,-0.47876854307470146,-0.7882958734373898,0.1868909632773905
84,-1.6874706675475086,0.44373047120794085,-0.3180913723576138,-0.10445886666158942,1.055535717031856,0.012512631381974233,0.1296561719082316,-0.3462298988108552,-0.7456867100233968,-0.43557787355074296
85,0.34452848461654945,0.5378485226915791,-0.34452848461654917,0.6995757397817434,-0.18031540813201824,1.041085288982287,-0.037545734036468714,0.9471927100785382,0.6165576220400667,-0.38178454447853427
86,0.85777968024959,-0.24861281605105168,-1.0702099871595612,0.40720177869864155,0.30932908153698196,-0.27450892713033914,0.7538914893709442,0.37168724669443565,-0.3575732047685243,-0.563313913740819
87,0.11284981229956575,0.6784231040715445,-0.02085535319424152,0.5378485226915791,-0.5572297539347308,0.10445886666158914,1.055535717031856,0.880706445776899,0.35182976913359787,-0.45225461919834264
88,-1.0555357170318562,-1.2683925497995923,-0.7762469071305161,-0.6995757397817438,-0.22288238833627205,-1.1801621817564125,-0.6472499103600028,-2.6626500514199045,2.803123744109683,4.5269901807482835
89,0.8221687145327118,1.8460113841810712,-0.833921362150137,0.9718726999970247,-1.562648820307215,-0.5867022246019213,1.1156825323125077,0.859191320312148,0.37656680559420064,-0.8822693788478354
90,-0.7650214060034461,0.4996749655626106,-1.50842266800657,1.1970677883527467,-0.869893608288966,-0.47151821873292543,2.3594617051538367,-0.44223699768508884,-0.7804507845685187,-0.36732658137781615
91,-0.7319066485846231,-0.012512631381974233,-0.4162812488006703,0.731906648584623,0.2745089271303388,0.606635934841227,-0.5475134298761218,-0.11863464404790462,-0.7478592825124488,-0.4969685756209627
92,-0.4996749655626107,-1.214322621347255,0.8221687145327122,-0.29187476597670226,-1.041085288982287,0.0793277191655611,0.1972987039966694,-1.0772903827349738,-0.5446920306614663,0.1660222885550008
93,-0.8339213621501375,-1.6537984611275751,0.6268136720144571,2.14927463220172,-0.40720177869864144,-0.0960752694489719,0.9196872529931972,-0.268458441376798,-0.7376616435853803,-0.3811505201379658
94,-1.411596790165977,1.0268490477640355,-0.4345445578060757,0.23144197297857383,-0.44373047120794085,-0.44373047120794085,0.24001854853891041,-0.6158221091762627,-0.7306564541396828,-0.16553042578369176
95,-2.0719702099152606,-0.9853375387664456,-1.4115967901659765,-0.3180913723576141,0.7762469071305163,-0.14649923597817677,1.5915776499281502,-1.5460522939515136,-0.0714592504865153,0.021590668225981196
96,-0.16338396603577712,2.807659040702493,-1.1313626933670506,-0.9196872529931975,-1.1156825323125084,-0.869893608288966,-0.13807280764372945,-1.0589528743589829,-0.5588477311549098,1.2651902016625671
97,1.1002719876323679,0.7875710882257598,-0.7989971779962031,0.6369985360583729,0.42539516674061234,-0.2143391027120344,1.2143226213472547,1.5065501585682284,1.6283991557365418,-0.1830102712953965
98,-1.1801621817564125,0.029199526837972587,0.9853375387664463,0.13807280764372973,-2.807659040702527,0.21433910271203427,0.283181171411341,-0.47720675326364986,-0.756800121941464,-0.2303069863912642
99,-0.037545734036468714,0.1718435290975232,-0.06260239079232187,0.6472499103600029,-0.6472499103600028,1.5349716100695372,-1.012817933818238,0.18198071218926726,-0.4079725126714204,-0.7548055149687882
100,0.9989834342493058,-0.6575697610099613,-0.657569761009961,1.055535717031856,-1.231946773926433,-0.30932908153698196,0.10445886666158914,-0.21534407789003376,-0.7351237354018673,-0.33804053535782436
101,-0.869893608288966,-0.46221618781381296,1.5084226680065727,-0.7762469071305166,-0.7428541873571135,0.1718435290975232,0.21433910271203427,-0.7514004721454921,-0.674885600671399,-0.016327529222768786
102,0.1718435290975232,-0.12124871113532838,0.47151821873292554,1.0851184049821965,-0.6066359348412272,0.5091481559220111,-0.5966394446157477,0.4559348093139735,-0.11979680570355777,-0.7280932323918895
103,-0.6472499103600028,0.29187476597670226,-0.8457903400523645,1.5084226680065715,-0.7538914893709439,-0.12124871113532838,-0.24001854853891041,-0.5308791367449807,-0.7104394520537902,-0.06928289351653236
104,2.3594617051538367,-0.3981557540698575,-1.8019953590840219,0.42539516674061234,-0.8945131778209616,-0.24001854853891041,0.5475134298761218,-0.1206883787908191,-0.7168706324642498,-0.4952605729542406
105,-0.38914219451643767,-0.5572297539347308,0.6995757397817438,-1.6219033132775285,0.283181171411341,0.037545734036468575,0.606635934841227,-0.4148418617443037,-0.746814597614787,-0.3231178425417019
106,-0.7538914893709439,0.6268136720144569,0.16338396603577726,-1.5349716100695376,-0.4996749655626107,0.12124871113532838,-0.45295398112756896,-0.9643857833537887,-0.5719526697499258,0.5240215575550912
107,-1.7612167801503302,-0.5867022246019213,-0.004170780385701611,-0.5282335976225958,-1.6874706675475086,0.5475134298761218,1.6219033132775278,-1.3449235497534822,-0.24099258593340125,0.09841102210919517
108,-0.9324952651595985,0.7989971779962033,-0.42539516674061173,-0.7428541873571135,-0.907028362276297,-1.411596790165977,1.32644889839986,-1.1476173218794181,-0.4169852364937464,0.4884858918387889
109,-0.6784231040715445,1.2683925497995918,0.5378485226915795,0.4996749655626106,0.85777968024959,0.371208653430188,0.012512631381974233,1.2823000537459066,1.1570086313636663,-0.15629267612630007
110,0.14649923597817663,2.522696500579249,0.2314419729785741,0.44373047120794085,-0.8457903400523649,0.1972987039966694,2.807659040702493,1.4720715812006586,1.5370023348049202,-0.11205393882639683
111,-1.4583011566766744,1.1635873004670287,-0.09607526944897163,-0.34452848461654945,-0.27450892713033914,0.5669989721224519,0.30932908153698196,-0.1311308123319401,-0.6980449169218372,-0.47372185778116704
112,-1.1635873004670287,-0.7428541873571135,0.616693417678886,0.721046133567157,-0.9454581061489408,-0.4902464065184671,0.12124871113532838,-0.9418157609925627,-0.530404492841407,0.16770983631226616
113,-0.4902464065184671,-1.1635873004670287,-0.24001854853891014,-1.4583011566766744,1.7612167801503316,-0.2658572794311963,1.8939249728447598,-0.7978645766451037,-0.728368218873634,-0.1831601745522586
114,-0.5282335976225958,-0.6066359348412272,-0.38016014069276033,-2.242066837035704,0.22288238833627233,0.5768226062074372,-1.946627693784328,-1.6733235871089915,0.24919387048533165,1.748259548135591
115,-1.4828962862579145,0.3981557540698575,0.2831811714113413,0.606635934841227,0.48086122977470847,-0.5966394446157477,-0.3981557540698575,-0.22563337331545572,-0.684111235364842,-0.38846460808428285
116,0.4345445578060758,-0.1718435290975232,0.4072017786986418,1.5915776499281502,0.18031540813201805,-1.1002719876323679,0.47151821873292526,0.9186710414093098,0.40572393697627473,-0.7660080703905485
117,0.5186672604975485,-0.10445886666158942,-0.6889608881245539,-0.47151821873292543,-0.14649923597817677,-0.8105285466044586,0.20581143290590442,-0.6836448376576221,-0.6891904827758938,0.21799309318022647
118,-1.946627693784328,-0.362286812898804,-1.1970677883527454,-0.425395166740612,0.004170780385701751,1.1313626933670515,-0.27450892713033914,-1.5936480601635854,0.07640377276967386,0.538224179754776
119,-1.3893567292540852,-0.38914219451643767,1.6537984611275767,-0.1718435290975232,1.1313626933670515,2.0719702099152633,0.3533937178040876,0.6158667194801515,-0.20640414201220428,0.3979790597648281
120,-0.5186672604975483,1.041085288982287,0.8457903400523651,-1.3893567292540852,0.0793277191655611,2.0053672265481506,2.0053672265481506,1.0662836359043995,0.5844767202250563,0.43662813056477223
121,0.9454581061489408,0.38016014069276066,-1.367783402166592,-1.214322621347255,2.0719702099152633,-0.9324952651595985,-0.4996749655626107,-0.21621484983729775,-0.7724607512788434,-0.12682723672799556
122,0.9585817976590423,-0.8221687145327117,-0.9718726999970242,0.2745089271303388,-0.19729870399666927,-1.1313626933670515,-0.6268136720144567,-0.922139793371733,-0.6758537252462732,1.0569195095230148
123,-0.19729870399666927,-1.4828962862579145,0.6066359348412274,-0.20581143290590442,1.041085288982287,2.3594617051538367,0.5966394446157477,0.5495225693312523,-0.29985007905810973,0.17231438851760936
124,0.5091481559220111,1.1970677883527467,0.12965617190823187,-1.4828962862579145,0.606635934841227,-0.3712086534301879,-0.8945131778209616,0.2895765951623027,-0.5157922094950099,-0.6607899191119966
125,-0.9196872529931975,0.4345445578060758,-1.482896286257914,0.6575697610099613,0.4996749655626106,-1.0555357170318562,0.8698936082889657,-0.4853569761979665,-0.7717719429333294,-0.3225359096071045
126,-0.3712086534301879,0.22288238833627233,0.11284981229956605,-0.8821365564071928,0.012512631381974233,-0.5282335976225958,-0.23144197297857383,-0.6994297204087945,-0.6709917121060949,0.2945239965736536
127,0.012512631381974233,-2.807659040702527,-0.3268781542641454,0.14649923597817663,0.24001854853891041,0.08769841954222442,-0.9853375387664456,-1.0983085728388768,-0.4414948597520759,0.44898128727712583
128,0.5475134298761218,-1.562648820307215,0.7319066485846232,-0.23144197297857383,-0.8821365564071928,-0.907028362276297,-0.6889608881245542,-0.9570504921529942,-0.627825953802405,1.248654117517757
129,0.47151821873292526,-0.28318117141134114,-0.1212487111353281,-0.0041707803857018895,0.6268136720144569,0.5572297539347307,0.5867022246019212,0.7407448470322846,0.13261013998032456,-0.3424553174037437
130,0.48086122977470847,0.5475134298761218,1.1801621817564125,-0.0960752694489719,0.6166934176788856,-0.07096257358198975,-0.40720177869864144,1.248790835233961,1.1578956452610094,-0.9068037465131875
131,-1.1473260691824831,-0.907028362276297,1.7231726822065494,2.3594617051538367,1.32644889839986,-0.4996749655626107,-0.8457903400523649,0.142941255964468,-0.5020459236234962,-0.5482140368636224
132,-1.5349716100695376,0.30932908153698196,0.13807280764373,0.318091372357614,1.8460113841810712,1.8019953590840225,-0.6679601230450315,0.47701318342042115,-0.2615032819915929,-0.2607601049557258
133,-0.6995757397817438,-1.0702099871595612,-0.07932771916556096,0.18031540813201805,-0.5669989721224522,1.1002719876323679,-0.34452848461654945,-1.0647933999259949,-0.5810315668512186,0.02021451470698556
134,1.7231726822065483,-0.2658572794311963,-0.1464992359781765,0.7989971779962033,-0.0208553531942418,0.85777968024959,-1.197067788352746,0.9186288590028732,0.45424363732816925,-0.8095586899786323
135,1.4345578435341102,0.41628124880067047,-0.586702224601921,1.8939249728447598,1.2143226213472547,-1.2683925497995923,-0.576822606207437,1.1862533608210326,0.9186402915407922,-1.051522470181185
136,-1.7231726822065487,1.6537984611275756,0.6369985360583732,-0.28318117141134114,0.9324952651595985,-0.9989834342493058,-0.6995757397817438,-0.11396940692466154,-0.6513338556083417,-0.5300971171509145
137,0.7762469071305163,-0.6472499103600028,1.1156825323125084,-1.2683925497995923,-1.7612167801503302,1.2143226213472547,-0.9585817976590423,-0.31441208873225546,-0.7818023469142353,-0.09059887839399808
138,0.6166934176788856,1.32644889839986,-0.3622868128988037,0.1888002489323865,-1.411596790165977,1.5084226680065715,1.1313626933670515,1.271782865524655,1.1488017973526572,-0.18802040876936407
139,0.731906648584623,0.7102700085528222,-0.21433910271203413,2.0719702099152633,-1.0555357170318562,-0.6268136720144567,-2.242066837035704,0.3886279748090255,-0.5640484911170206,-0.5410196887466313
140,-0.6268136720144567,0.85777968024959,0.45295398112756946,0.029199526837972587,-0.07096257358198975,-1.1473260691824831,-1.6537984611275751,-0.4794553924263629,-0.8646674646640945,0.26697439410113327
141,-0.04589455750525099,-1.0851184049821965,0.7102700085528224,-0.14649923597817677,-0.0041707803857018895,0.2745089271303388,-1.367783402166593,-0.6007632700549375,-0.7659618074941623,0.013688498646515305
142,0.7102700085528222,-0.35339371780408774,0.06260239079232242,0.3981557540698575,1.346828517718744,0.029199526837972587,-0.9989834342493058,0.6462085736101567,0.04577068596457224,-0.8592509341128307
143,0.38914219451643756,-0.0208553531942418,-0.5966394446157474,-0.7875710882257598,0.49024640651846685,0.42539516674061234,-1.4828962862579145,-0.4478217604606449,-0.7407383888817627,0.014872340452421206
144,1.1970677883527467,1.249962122844376,-0.7319066485846226,-0.6166934176788856,0.38914219451643756,-0.7762469071305166,-1.4583011566766744,0.07317303384999209,-0.722979619098544,-0.2739200323380838
145,-0.5378485226915792,-1.367783402166593,-1.2499621228443754,0.25722548612961843,0.09607526944897177,-2.0053672265481515,0.9853375387664456,-1.6642518174171856,0.2514002013394111,0.8664040179338136
146,0.5768226062074372,0.07096257358198961,-0.7428541873571131,0.07096257358198961,-1.5349716100695376,0.9070283622762967,0.5091481559220111,0.07507751049501968,-0.5793900043653651,-0.572410026203078
147,0.0793277191655611,-0.29187476597670226,1.0702099871595612,-0.4902464065184671,-0.1888002489323865,-0.5669989721224522,0.29187476597670226,-0.036922123644580036,-0.645722748071838,-0.4935048432496661
148,1.041085288982287,-1.7612167801503302,1.131362693367052,0.7428541873571131,0.4345445578060758,-1.4828962862579145,0.25722548612961843,0.6228207832440833,0.0071183174332573726,-0.8518776464178593
149,-0.32687815426414574,-0.037545734036468714,0.7538914893709444,1.346828517718744,-1.1801621817564125,0.18031540813201805,0.8821365564071922,0.5436950151435298,-0.06007273361216708,-0.30967911565763323
150,-0.9718726999970247,1.1313626933670515,0.5669989721224522,-0.44373047120794085,-1.4828962862579145,1.012817933818238,0.2486128160510515,0.08511078011224663,-0.6408459639292143,-0.6284844099724092
151,-0.8105285466044586,-0.04589455750525099,1.482896286257915,-0.85777968024959,-0.425395166740612,-0.434544557806076,1.1002719876323679,-0.39167145283582483,-0.7712011806163345,-0.43768643217333586
152,-2.3594617051538336,1.4345578435341102,-0.8105285466044582,1.249962122844376,1.946627693784328,-0.6066359348412272,2.14927463220172,0.7044685261861,-0.10987979977839936,0.18461471809192595
153,-0.25722548612961843,1.7612167801503316,-0.7650214060034457,-0.2658572794311963,0.7102700085528222,-0.12965617190823173,2.0719702099152633,0.6372409626016632,0.07674871556701729,-0.22374214007223162
154,-1.249962122844376,2.0719702099152633,0.7989971779962037,-0.07932771916556124,-0.07932771916556124,-0.3981557540698575,0.5282335976225955,0.38804594845889234,-0.22491529793687326,-0.6054044073632722
155,-0.48086122977470824,0.6995757397817434,0.18031540813201838,1.1801621817564119,1.1801621817564119,0.6995757397817434,0.13807280764372973,1.513921685452923,1.5232406696440446,0.5738726928903336
156,-1.8460113841810712,-0.44373047120794085,-1.6874706675475077,-0.5966394446157477,0.3356902468324885,-0.576822606207437,-1.0268490477640357,-2.463622608706751,1.995381222580848,3.301442425637039
157,-1.3066057748358249,-0.7875710882257598,0.7428541873571135,-0.8105285466044586,-0.5282335976225958,-1.562648820307215,-1.4345578435341098,-2.22540074684477,1.342291828439986,4.058045307610202
158,-0.029199526837972587,0.5091481559220111,-0.291874765976702,0.09607526944897177,-0.6166934176788856,-0.25722548612961843,0.34452848461654945,-0.030271200761307022,-0.7004383451210028,-0.5320256693383861
159,-1.6219033132775285,-0.22288238833627205,-0.8945131778209611,-0.12965617190823173,-0.46221618781381296,0.9454581061489408,-1.214322621347255,-1.6799791405572704,0.29927510163208065,1.2413332706543003
160,-0.12124871113532838,0.7428541873571131,1.0410852889822875,-0.6268136720144567,0.6995757397817434,-0.29187476597670226,0.6995757397817434,1.0245658794102046,0.5608824482544049,-0.5308746864864845
161,2.0719702099152633,0.7650214060034457,1.026849047764036,-1.012817933818238,0.23144197297857383,0.41628124880067047,-1.5915776499281509,1.2063151191030388,1.071331385263589,-1.2387889609360514
162,-0.6369985360583732,-0.48086122977470824,0.17184352909752348,-2.3594617051538336,-1.1473260691824831,0.24001854853891041,-0.2143391027120344,-1.7237968303248197,0.3429671572561591,1.506079209184454
163,-0.5867022246019213,-0.9585817976590423,0.5475134298761222,-1.7612167801503302,0.47151821873292526,0.15493607948972357,-1.1635873004670287,-1.3585834336085958,-0.2662560258904245,0.8804748255128955
164,-0.22288238833627205,-1.5915776499281509,-0.9070283622762967,-1.3468285177187447,1.2872641985332982,-0.012512631381974233,-0.12124871113532838,-1.4894299219332934,-0.04493845992361491,0.6218971972825458
165,0.3533937178040876,0.30059047657325433,0.907028362276297,0.16338396603577698,-0.6995757397817438,0.26585727943119614,1.367783402166593,1.1424542818544006,0.9423422094976299,-0.3302055510799477
166,-0.721046133567157,-1.411596790165977,-0.5282335976225955,-1.6537984611275751,0.38016014069276066,-1.2872641985332995,-1.7231726822065487,-2.6926988646034413,2.6268295112542828,5.115299862837691
167,0.5282335976225955,-1.7231726822065487,0.3093290815369823,0.10445886666158914,1.0268490477640355,-1.197067788352746,-0.362286812898804,-0.26446151112906324,-0.7119743126444211,-0.3077523543820556
168,0.45295398112756907,0.45295398112756907,0.41628124880067074,0.3356902468324885,0.40720177869864155,-1.0268490477640357,-1.3264488983998615,0.4972172139007831,-0.31869321283146257,-0.8247287559050354
169,0.5669989721224519,0.24001854853891041,-0.2745089271303388,0.38914219451643756,0.25722548612961843,0.731906648584623,-1.3066057748358249,0.668254849114714,0.004338246034736302,-0.8360039851450408
170,-1.2872641985332995,0.0793277191655611,0.19729870399666968,0.45295398112756907,1.6219033132775278,0.3356902468324885,0.38016014069276066,0.49216951470574205,-0.2913020381296011,-0.028153299648366062
171,1.8939249728447598,-0.9196872529931975,1.2683925497995923,0.9196872529931972,-0.38914219451643767,1.0702099871595612,0.037545734036468575,1.5329201486385922,1.8367784796336253,-0.2981055986086047
172,-0.15493607948972357,1.367783402166593,0.8577796802495903,-0.27450892713033914,-0.6369985360583732,-0.06260239079232215,-0.4162812488006706,0.38699829521277723,-0.2797144656878041,-0.765736887316024
173,0.7989971779962033,0.833921362150137,0.48086122977470874,-2.807659040702527,0.6679601230450313,0.23144197297857383,0.6784231040715445,1.2229204791812738,1.114613397778485,-0.3967061127012366
174,-1.0702099871595612,-0.6889608881245542,0.6472499103600033,1.5626488203072162,0.20581143290590442,-2.0719702099152606,-0.8105285466044586,-0.7719148403119546,-0.642039943970345,0.3080652120289197
175,0.6995757397817434,-0.425395166740612,-0.3356902468324883,0.7875710882257598,-0.47151821873292543,-1.1156825323125084,0.8945131778209614,0.06479440430911884,-0.5686053808694587,-0.5784834050919705
176,1.5349716100695372,-0.27450892713033914,-2.5226965005792423,-1.8019953590840236,0.731906648584623,-0.5186672604975483,0.0793277191655611,-0.6502500221669181,-0.7812928812654781,0.15632144696533642
177,-0.3180913723576141,-0.45295398112756896,2.071970209915265,0.6889608881245542,0.362286812898804,0.318091372357614,-0.16338396603577712,0.7911382040794223,0.20764196623802172,-0.4375891659751971
178,0.2486128160510515,-1.2872641985332995,-1.458301156676674,0.833921362150137,-0.7650214060034461,-2.149274632201722,1.0851184049821965,-1.2855092358504523,-0.3681112010138799,0.529263803207415
179,-0.29187476597670226,0.8698936082889657,-0.9454581061489402,-0.19729870399666927,0.15493607948972357,-1.946627693784328,0.6166934176788856,-0.47866393357775483,-0.7445596862509108,-0.11859620108705338
180,-0.9454581061489408,-0.11284981229956562,-0.23144197297857352,1.6219033132775278,0.10445886666158914,0.06260239079232215,0.14649923597817663,-0.055879771215914587,-0.7049280309701771,-0.4552518944218115
181,-0.5091481559220115,0.9989834342493058,-1.0555357170318558,-0.9718726999970247,-0.029199526837972587,-1.7612167801503302,-1.249962122844376,-1.6086724552266558,-0.017019399882865105,2.8169944784417957
182,-0.28318117141134114,-0.15493607948972357,1.3468285177187453,0.11284981229956575,-1.4583011566766744,1.5626488203072162,-0.8821365564071928,0.08985971496220481,-0.5575875478774847,-0.44712243484972225
183,-0.7989971779962034,1.2319467739264338,-0.16338396603577685,1.946627693784328,-1.5915776499281509,-0.08769841954222442,-1.0555357170318562,-0.23113765398297695,-0.7581265219230573,-0.15950399207397417
184,0.07096257358198961,-0.38016014069276066,0.18880024893238678,-1.367783402166593,-0.8339213621501375,1.7612167801503316,-0.6575697610099613,-0.7262258195772434,-0.6871757017344776,-0.015365937512274852
185,-2.522696500579249,-2.149274632201722,-1.2143226213472547,-0.22288238833627205,-0.2658572794311963,0.362286812898804,1.1801621817564119,-1.9994350335024471,0.7444041219436259,0.45636173512623773
186,-0.06260239079232215,-1.5084226680065709,-0.10445886666158914,-0.8945131778209616,0.8698936082889657,-0.7319066485846231,-0.19729870399666927,-1.210390271109314,-0.31499833564979024,0.7049364058250663
187,1.3066057748358255,-0.20581143290590442,-0.6268136720144564,2.522696500579249,-0.3180913723576141,1.6537984611275756,-0.7650214060034461,0.9341926172202746,0.6008079475152981,-0.7469800584837482
188,0.46221618781381296,-0.8945131778209616,0.39815575406985776,0.5186672604975485,-0.32687815426414574,-0.7875710882257598,0.9585817976590423,0.19870889637773553,-0.5143755837639896,-0.559064627912955
189,0.15493607948972357,0.8105285466044582,0.8698936082889661,1.1313626933670515,0.41628124880067047,-0.9196872529931975,-0.1718435290975232,1.321579022988906,1.330770454246976,-0.9618447995495818
190,1.6874706675475086,0.38914219451643756,-0.17184352909752293,-1.1473260691824831,-0.6268136720144567,-0.6784231040715445,-1.411596790165977,-0.4654334907239582,-1.013947738880215,0.905088260532224
191,0.08769841954222442,-0.710270008552822,-0.11284981229956534,-0.9324952651595985,0.1718435290975232,-0.029199526837972587,0.18031540813201805,-0.748573956223432,-0.6720406457504818,-0.04238738285667028
192,0.9853375387664456,1.4828962862579145,0.32687815426414574,0.21433910271203427,0.14649923597817663,-0.7428541873571135,1.1635873004670287,1.7291965279211918,2.4043449648811803,-0.46724525066512285
193,1.346828517718744,1.8939249728447598,-0.518667260497548,0.7762469071305163,-0.9324952651595985,0.4345445578060758,-0.32687815426414574,1.3308821144317105,1.080476211840283,-1.0994677718979926
194,0.8698936082889657,0.06260239079232215,-0.07096257358198947,0.02085535319424138,-0.721046133567157,1.2319467739264338,-1.0851184049821965,0.2984584731858209,-0.3545381924697804,-0.7469282149583387
195,-1.3468285177187447,-0.5669989721224522,-0.265857279431196,-1.411596790165977,0.6472499103600029,0.6369985360583729,-0.11284981229956562,-1.3003040492036917,-0.2489740511243175,0.23755167592353377
196,1.458301156676674,-1.249962122844376,-2.359461705153829,1.0268490477640355,-0.5091481559220115,0.5282335976225955,-1.1313626933670515,-0.46980981556083207,-0.7615109365914589,-0.012384516267158726
197,-0.0041707803857018895,-2.0053672265481515,1.0128179338182384,-0.6369985360583732,-0.9853375387664456,-0.40720177869864144,1.5084226680065715,-0.7808565689828825,-0.60362619096449,-0.15394587376734048
198,0.02085535319424138,-0.8457903400523649,1.5626488203072166,-1.1801621817564125,1.2319467739264338,1.2683925497995918,-0.5669989721224522,0.3063754934384195,-0.3417625942097494,-0.5344317904879571
199,1.5915776499281502,-1.197067788352746,-1.6219033132775276,1.3066057748358255,-0.11284981229956562,0.7762469071305163,-2.807659040702527,-0.1241697133518004,-0.6831737637592076,-0.30885180536437257
200,0.25722548612961843,0.6166934176788856,1.3066057748358262,0.41628124880067047,1.1970677883527467,-0.710270008552822,-0.0041707803857018895,1.58903531372705,1.8442468578558127,-0.6159199074068508
201,0.6472499103600029,-1.4583011566766744,-0.932495265159598,1.1473260691824831,0.318091372357614,1.1801621817564119,-0.907028362276297,-0.07872012014475097,-0.5954302616683398,-0.5490652449813107
202,-0.3981557540698575,0.1296561719082316,0.15493607948972385,1.1635873004670287,-0.2143391027120344,0.22288238833627233,1.7231726822065483,0.7580198239989893,0.19378753257736234,0.09967939408419843
203,0.41628124880067047,-0.5091481559220115,0.4437304712079411,-1.0851184049821965,2.14927463220172,-0.6166934176788856,0.5572297539347307,0.256768575607086,-0.4452287699924676,-0.5864049800701225
204,0.8105285466044582,0.2745089271303388,-0.9196872529931971,0.04589455750525099,0.029199526837972587,0.1296561719082316,-0.12965617190823173,0.31266605520924695,-0.40727319511646587,-0.749198777953197
205,0.9196872529931972,1.3066057748358255,-0.3891421945164374,0.8105285466044582,0.5768226062074372,-0.8945131778209616,1.946627693784328,1.7334993247000516,2.3670173962294676,-0.00986338051791969
206,1.0851184049821965,-0.13807280764372945,-1.2683925497995918,-0.08769841954222442,0.04589455750525099,-0.38914219451643767,-0.0542465812377011,-0.251998629567849,-0.7146403197771241,-0.21430032193631557
207,0.318091372357614,0.42539516674061234,1.1635873004670292,0.3268781542641454,1.5626488203072162,1.055535717031856,-2.3594617051538336,1.659959872560396,2.2705160966923206,-0.5380159916254172
208,-0.7875710882257598,-1.6219033132775285,-0.6369985360583729,0.362286812898804,-0.04589455750525099,1.7231726822065483,-0.07096257358198975,-0.9406844396618083,-0.604636386806814,-0.16808973624821433
209,0.004170780385701751,-0.7650214060034461,-0.3712086534301876,1.7231726822065483,1.1473260691824831,-1.7231726822065487,0.44373047120794085,0.0837356224796409,-0.5945501293491751,-0.47623641220692087
210,-1.3264488983998615,-0.40720177869864144,-1.0851184049821958,-0.029199526837972587,1.4345578435341102,0.5867022246019212,0.318091372357614,-0.7184656376358965,-0.8180038436810165,-0.3654013714541793
211,0.3356902468324885,0.9718726999970247,-0.49967496556261043,-0.9585817976590423,-1.3893567292540852,0.7650214060034457,0.06260239079232215,-0.10527660463577238,-0.7211872119082922,-0.4186943579427265
212,-0.9989834342493058,-1.3893567292540852,0.38016014069276094,1.012817933818238,0.11284981229956575,0.8221687145327118,-2.0053672265481515,-0.694502608211647,-0.6808133303646532,-0.126228819961983
213,-0.08769841954222442,-0.24001854853891041,0.5282335976225958,0.1972987039966694,-1.8460113841810712,-0.425395166740612,1.0702099871595612,-0.22252030650123772,-0.7767416549879147,-0.4817325718019367
214,-0.07096257358198975,1.458301156676674,0.9989834342493065,0.7650214060034457,-0.6889608881245542,-1.5084226680065709,1.2319467739264338,1.1408844198258017,0.8678379856590741,-0.7464492424000945
215,-1.1156825323125084,1.012817933818238,-0.5768226062074366,0.30932908153698196,-1.8019953590840236,0.38016014069276066,-0.5867022246019213,-0.867176137769403,-0.6170531951599227,0.3286221006991288
216,0.2745089271303388,-2.522696500579249,0.029199526837972865,0.9989834342493058,0.371208653430188,-0.18031540813201824,0.45295398112756907,0.1284180884262265,-0.5503067215931835,-0.4728947154467787
217,-0.85777968024959,-1.1156825323125084,-0.49024640651846685,-0.7650214060034461,-0.25722548612961843,1.1473260691824831,1.1970677883527467,-1.18438796400364,-0.5307123288243938,-0.13665063582405487
218,0.3981557540698575,1.5626488203072162,0.596639444615748,0.6784231040715445,-0.8221687145327117,-2.242066837035704,0.1888002489323865,0.8664118221710924,0.3032200682971471,-1.1510040652883344
219,0.20581143290590442,-0.19729870399666927,-0.20581143290590412,0.12124871113532838,1.3066057748358255,1.249962122844376,0.85777968024959,1.1486959639717116,0.6974836406096734,0.6939653665032469
220,2.0053672265481506,-1.6874706675475086,0.4902464065184671,-0.7989971779962034,0.7538914893709442,-1.1635873004670287,-1.2683925497995923,-0.4629756416056726,-0.914034866877936,0.3758286515142613
221,-0.24861281605105168,0.012512631381974233,0.09607526944897204,-0.012512631381974233,-1.1313626933670515,1.367783402166593,-0.869893608288966,-0.35741375394891967,-0.8352396685307728,-0.12079210682738299
222,-0.14649923597817677,1.5915776499281502,-0.47151821873292515,0.26585727943119614,-1.7231726822065487,-0.7650214060034461,-0.46221618781381296,-0.4892118371721538,-0.8359081249104503,0.2876588959010273
223,-0.1718435290975232,1.2143226213472547,0.4253951667406126,-0.04589455750525099,1.1635873004670287,1.3066057748358255,1.8019953590840225,2.0834505986130814,3.0535112194676404,2.240297613069038
224,0.40720177869864155,-0.5282335976225958,-0.8821365564071922,-0.07096257358198975,0.30059047657325433,-0.23144197297857383,0.7989971779962033,-0.2715355512213842,-0.7353049048985125,-0.37078375858786494
225,-0.12965617190823173,-1.231946773926433,-0.029199526837972306,0.4345445578060758,0.5378485226915791,-0.15493607948972357,1.6537984611275756,-0.008510776264675654,-0.7114422423974334,-0.3107655606804796
226,0.26585727943119614,-0.029199526837972587,2.522696500579256,0.8221687145327118,1.1156825323125077,1.346828517718744,-0.24861281605105168,2.0344008619142975,3.363241813893613,1.0237354256614557
227,-0.6889608881245542,-0.30059047657325483,0.5867022246019216,1.2143226213472547,-0.12124871113532838,0.05424658123770068,0.04589455750525099,0.20259321770349295,-0.4935817810101953,-0.5268895161927789
228,0.8821365564071922,-1.8460113841810712,-0.8221687145327112,-0.6066359348412272,0.7989971779962033,0.9989834342493058,-1.1156825323125084,-0.49118143403000886,-0.7403010772062072,-0.13701487054856676
229,-0.27450892713033914,-0.9989834342493058,1.761216780150333,0.6166934176788856,-0.6679601230450315,-0.0041707803857018895,1.2872641985332982,0.27903147377519666,-0.4312053786313594,-0.3989865267641673
230,-0.45295398112756896,-0.9324952651595985,1.4115967901659774,0.8821365564071922,0.3268781542641454,-0.7538914893709439,0.41628124880067047,0.27129809313834763,-0.4537640567718169,-0.5337495149852386
231,0.7650214060034457,0.04589455750525099,0.29187476597670253,-1.0268490477640357,-0.6784231040715445,-1.231946773926433,0.2745089271303388,-0.3640247480112195,-0.732950914568751,0.13525917634453669
232,-0.6166934176788856,0.318091372357614,0.33569024683248877,-0.362286812898804,0.7428541873571131,0.833921362150137,0.9324952651595985,0.6869445991023466,-0.0024785947570054776,0.08858282862985067
233,-1.197067788352746,-1.1473260691824831,0.31809137235761425,-0.12124871113532838,0.44373047120794085,1.1156825323125077,0.38914219451643756,-0.462374144698209,-0.9065912000152717,-0.2740472475473425
234,-0.0208553531942418,0.7538914893709442,1.893924972844762,1.8019953590840225,-1.8939249728447594,-0.9585817976590423,-0.5091481559220115,0.6260333140190213,0.006504878005925739,-0.9589639694167519
235,-0.11284981229956562,0.48086122977470847,-0.6066359348412269,-1.1635873004670287,1.367783402166593,0.8105285466044582,-1.7612167801503302,-0.1821565820827653,-0.7022434287060447,-0.386491894421685
236,2.14927463220172,-0.0041707803857018895,-2.0053672265481493,-1.7231726822065487,-0.3712086534301879,1.458301156676674,1.041085288982287,0.17283033682256002,-0.5346177820489176,-0.4508561080237147
237,0.6268136720144569,-0.25722548612961843,-0.22288238833627178,-0.30059047657325483,-1.2872641985332995,-2.3594617051538336,-2.0719702099152606,-1.5277172514696415,-0.40978051934020004,3.4462702678614074
238,-0.9853375387664456,-0.07932771916556124,-0.6995757397817434,-0.5572297539347308,-0.15493607948972357,-1.249962122844376,0.3268781542641454,-1.6881575717126998,0.28037569071208085,1.435844561389851
239,-2.807659040702527,0.16338396603577698,1.1002719876323683,0.20581143290590442,-0.5867022246019213,-0.28318117141134114,-0.7762469071305166,-0.7627280411671523,-0.6989196642967794,0.20957153133960135
240,0.8945131778209614,0.004170780385701751,0.12124871113532866,0.9070283622762967,-0.0542465812377011,0.40720177869864155,-0.7989971779962034,0.9167717624297199,0.4895263215253309,-0.9609420346980003
241,-1.012817933818238,0.9585817976590423,-0.1803154081320179,0.22288238833627233,-0.24001854853891041,-0.34452848461654945,0.22288238833627233,-0.26752364212526714,-0.701659345028253,-0.35480226535933146
242,2.807659040702493,-0.34452848461654945,0.3445284846165498,0.5282335976225955,0.29187476597670226,-0.35339371780408774,-1.0702099871595612,0.8045291890172086,0.22305768857305433,-1.0401564502730638
243,1.32644889839986,0.721046133567157,0.004170780385702029,-0.48086122977470824,-1.3468285177187447,1.6874706675475086,1.5626488203072162,1.3144114954684691,1.2305863206051006,-0.22946150363453224
244,0.5572297539347307,-1.0268490477640357,0.6889608881245546,-1.8939249728447594,-1.0268490477640357,-1.3264488983998615,0.371208653430188,-1.108283737732436,-0.5237556724815908,1.144807016671275
245,0.49024640651846685,0.3533937178040876,0.0709625735819899,-1.197067788352746,-0.9718726999970247,-0.48086122977470824,0.6575697610099613,-0.21936049714207181,-0.6985501553572244,-0.3061035296198183
246,1.0268490477640355,2.0053672265481506,0.2058114329059047,-0.35339371780408774,0.833921362150137,0.34452848461654945,-0.7319066485846231,1.6429502047594524,1.967293608168779,-0.9825623487390256
247,-0.5966394446157477,-1.8939249728447594,-0.6166934176788853,0.5669989721224519,-0.3981557540698575,0.6166934176788856,-0.5186672604975483,-1.3754053184122703,-0.16787856180296246,0.4405825328865703
248,-0.0542465812377011,-0.6268136720144567,1.5915776499281509,2.242066837035698,0.6369985360583729,-0.07932771916556124,-1.8460113841810712,0.735015601610319,0.16732372674712515,-0.8256369512832258
249,-1.231946773926433,0.9324952651595985,0.9196872529931978,-0.13807280764372945,-0.06260239079232215,-0.8821365564071928,0.9989834342493058,0.1998442509042613,-0.5177030302537672,-0.6158335248627903
250,-0.7428541873571135,0.34452848461654945,-1.1801621817564119,-0.6575697610099613,-0.1718435290975232,-0.4162812488006706,-0.9718726999970247,-1.7398088664018523,0.2961897224903991,2.1359421824534204
251,0.5378485226915791,0.5186672604975485,-1.1156825323125077,-1.3264488983998615,0.6784231040715445,-1.041085288982287,-2.149274632201722,-0.8898265609803605,-0.8070147352503627,1.4129271390134734
252,0.1888002489323865,0.6369985360583729,-1.8460113841810697,1.2872641985332982,-0.29187476597670226,0.3981557540698575,-0.9196872529931975,0.09098292957444752,-0.5914149868293067,-0.53480710823173
253,1.2872641985332982,0.9454581061489408,1.4345578435341104,1.1156825323125077,-1.6219033132775285,2.522696500579249,-1.562648820307215,1.967253551428061,2.9671732138689464,-1.0472786818275317
254,0.371208653430188,0.362286812898804,0.3622868128988043,-0.710270008552822,0.02085535319424138,0.48086122977470847,1.389356729254084,0.8935931721631254,0.48573816131830905,-0.23633886564747286
255,-0.5572297539347308,-1.1002719876323679,0.6679601230450317,0.7102700085528222,-0.85777968024959,0.7875710882257598,1.249962122844376,0.012307124133094514,-0.7759331520052588,-0.2686096802611374
256,0.05424658123770068,0.25722548612961843,0.0876984195422247,-0.06260239079232215,-0.4902464065184671,-0.13807280764372945,-0.0960752694489719,-0.14218272717078673,-0.6431364892646274,-0.43287595945254126
257,1.0702099871595612,0.05424658123770068,-0.4622161878138127,0.037545734036468575,-0.3356902468324886,-1.5349716100695376,-0.20581143290590442,-0.19568682321646652,-0.8454672566038988,0.07551532101014248
258,-0.5475134298761218,0.9853375387664456,-1.1002719876323674,-0.45295398112756896,1.8019953590840225,-0.5378485226915792,0.8105285466044582,-0.02511022887538412,-0.5954621769582102,-0.39956524536426447
259,-0.362286812898804,-0.721046133567157,0.1464992359781769,2.0053672265481506,0.9070283622762967,-1.5915776499281509,0.4996749655626106,0.11023590378874755,-0.4940383716143456,-0.5930540053897494
260,0.12124871113532838,-0.8821365564071928,-1.5349716100695368,-0.6679601230450315,0.5091481559220111,0.46221618781381296,-0.30932908153698196,-1.0096875960247966,-0.44845584257722804,0.2993349415388133
261,-0.8821365564071928,-0.47151821873292543,-0.7538914893709436,-0.24861281605105168,-0.13807280764372945,1.8939249728447598,-0.5378485226915792,-1.1537984134199695,-0.4623210935384365,0.16379357340813963
262,1.8460113841810712,-0.9718726999970247,-1.946627693784327,-0.6889608881245542,1.389356729254084,0.7989971779962033,1.6874706675475086,0.3964263532402801,-0.3531289858684247,-0.12438980462175275
263,0.1296561719082316,0.037545734036468575,-0.4437304712079405,-2.149274632201722,-0.6575697610099613,-1.367783402166593,0.004170780385701751,-1.5923630037290286,-0.09354225488879579,2.1118264632088897
264,0.04589455750525099,1.0702099871595612,-1.8939249728447571,-0.9454581061489408,-1.946627693784328,-1.8939249728447594,-0.012512631381974233,-1.604600145622615,0.018699765614883145,2.7136513899091916
265,0.29187476597670226,0.12124871113532838,1.68747066754751,0.9454581061489408,-0.20581143290590442,0.38914219451643756,-0.04589455750525099,1.4402985276092406,1.5918983318594242,-0.4066123109297284
266,1.1635873004670287,-2.0719702099152606,-1.653798461127574,1.32644889839986,-0.48086122977470824,-0.85777968024959,-0.08769841954222442,-0.8429138904401982,-0.7008197972351067,0.4775577735647402
267,-0.23144197297857383,0.371208653430188,-0.05424658123770082,1.1002719876323679,1.012817933818238,-0.0542465812377011,-0.9454581061489408,0.5987795112809315,0.012175683465565357,-0.804375777983886
268,1.946627693784328,-0.3356902468324886,0.05424658123770096,-0.32687815426414574,-0.24861281605105168,-0.1718435290975232,-0.7538914893709439,0.11076209273751314,-0.6581471660391176,-0.37686169194062974
269,-0.34452848461654945,-0.8339213621501375,0.4996749655626109,-0.6472499103600028,0.721046133567157,-0.20581143290590442,0.7875710882257598,-0.2667272200722318,-0.7563942607205478,-0.361397520510959
270,0.362286812898804,0.7762469071305163,-1.761216780150329,-0.46221618781381296,-0.16338396603577712,0.30059047657325433,0.362286812898804,-0.035809432479856365,-0.6095547924435346,-0.6202495059863348
271,0.30932908153698196,0.26585727943119614,-0.04589455750525071,0.5966394446157477,0.45295398112756907,-0.362286812898804,-0.10445886666158942,0.6440072828392074,0.06673199948895203,-0.78594499696744
272,1.5084226680065715,-0.3180913723576141,-0.35339371780408746,1.411596790165977,1.5915776499281502,1.1635873004670287,0.7762469071305163,2.0655355692620123,3.3928878200708206,1.8374785593173075
273,1.6537984611275756,0.13807280764372973,-0.15493607948972327,-0.8457903400523649,0.7875710882257598,0.8457903400523648,0.6679601230450313,1.358103737040607,1.1649681320123217,-0.18886164257746343
274,1.7612167801503316,2.3594617051538367,0.5186672604975489,-0.38016014069276066,0.13807280764372973,0.16338396603577698,-0.30059047657325483,1.7696683966270768,2.3470053401139865,-1.0882468687558693
275,0.9718726999970247,1.6219033132775278,-0.5475134298761215,-1.562648820307215,-0.9585817976590423,1.2872641985332982,0.08769841954222442,0.4639329249708787,-0.14001308589324038,-0.672747253120024
276,1.4828962862579145,-1.8019953590840236,-0.24861281605105137,-0.037545734036468714,1.1002719876323679,-0.19729870399666927,-0.6784231040715445,-0.05952267702140956,-0.6075905131048954,-0.5142409227180902
277,-1.6537984611275751,-1.3066057748358249,-0.012512631381973954,-0.30932908153698196,-1.2683925497995923,0.13807280764372973,-1.6874706675475086,-2.4671738201027225,1.9843543472452712,3.5974657385873745
278,-0.425395166740612,1.7231726822065483,0.5091481559220115,0.15493607948972357,-0.5475134298761218,0.30932908153698196,0.46221618781381296,0.8559141753497843,0.4208284294789059,-0.5528276982092614
279,0.16338396603577698,0.21433910271203427,-0.03754573403646844,0.24001854853891041,-0.28318117141134114,-2.522696500579249,-0.5572297539347308,-0.48289551979524514,-0.8239614466612075,0.3644158443480012
280,0.10445886666158914,-0.6679601230450315,2.149274632201723,-0.6784231040715445,1.249962122844376,1.411596790165977,-0.9324952651595985,0.5972771585984356,0.015075708361152393,-0.5351397452645811
281,-1.8939249728447594,-0.8105285466044586,-1.389356729254084,1.458301156676674,0.9853375387664456,0.2486128160510515,-1.041085288982287,-1.2038152347484126,-0.39342306202332833,0.044666021061226
282,-0.5669989721224522,-0.23144197297857383,2.242066837035701,-1.8460113841810712,-0.8105285466044586,-1.6537984611275751,1.458301156676674,-0.8642090980671849,-0.6349665880915569,0.18265897786513832
283,1.012817933818238,-1.5349716100695376,-0.28318117141134086,0.8945131778209614,-1.4345578435341098,0.6679601230450313,1.4345578435341102,0.24995520372692015,-0.44024877827311637,-0.4588652638729365
284,2.522696500579249,-0.0542465812377011,-0.48086122977470797,1.6537984611275756,-0.7762469071305166,-0.38016014069276066,0.07096257358198961,0.7591292428977384,0.09848204125894763,-0.9366573465845136
285,0.06260239079232215,-0.6784231040715445,-0.5572297539347306,1.7612167801503316,-0.12965617190823173,-0.037545734036468714,-0.434544557806076,-0.30764759412251985,-0.7574401752151564,-0.3886495860931281
286,0.037545734036468575,0.08769841954222442,0.7650214060034461,-0.0542465812377011,0.34452848461654945,-0.04589455750525099,1.0268490477640355,0.938613244085523,0.45184937809951314,-0.2042035419769853
287,0.4996749655626106,0.1972987039966694,1.846011384181073,0.34452848461654945,0.8457903400523648,0.7428541873571131,0.7428541873571131,2.242379376120767,3.8851478572355633,1.6475512856392072
288,-0.6066359348412272,1.1473260691824831,-0.40720177869864116,-0.9853375387664456,0.06260239079232215,1.32644889839986,0.42539516674061234,0.09327224323545429,-0.5724953333049915,-0.4259283604838063
289,-0.6679601230450315,-0.576822606207437,-0.9585817976590418,-1.5084226680065709,1.4828962862579145,0.02085535319424138,1.1473260691824831,-0.9930055660498791,-0.5758655455792421,-0.307268422907323
290,-2.149274632201722,-0.18031540813201824,1.94662769378433,1.8460113841810712,-0.5186672604975483,0.6575697610099613,-0.38914219451643767,0.2432259258434816,-0.4741472200490049,-0.3771373766593592
291,0.7875710882257598,0.6679601230450313,1.4583011566766744,-0.11284981229956562,-0.30059047657325483,-1.6219033132775285,0.6369985360583729,1.1241765880798942,0.7982119527593635,-1.0827950218447928
292,-0.46221618781381296,0.9196872529931972,0.6575697610099617,-0.869893608288966,0.08769841954222442,-0.30059047657325483,1.7612167801503316,0.38160705642193327,-0.19900509474398123,-0.5511246550988443
293,-0.8945131778209616,1.411596790165977,0.30059047657325466,0.9585817976590423,-2.0053672265481515,-0.9718726999970247,-2.522696500579249,-0.6400208087541315,-0.8965772439729138,0.8079247296784879
294,0.18031540813201805,0.5768226062074372,-1.163587300467028,-0.5475134298761218,-0.30932908153698196,-0.22288238833627205,-0.18031540813201824,-0.6715368567542235,-0.7833120521504654,0.17946414647937217
295,0.6369985360583729,0.40720177869864155,1.801995359084024,0.49024640651846685,-0.4162812488006706,-0.7989971779962034,-0.710270008552822,0.9030818546081247,0.3099358784595667,-1.095364505179969
296,-0.7762469071305166,-0.07096257358198975,0.8339213621501375,0.004170780385701751,0.8821365564071922,2.807659040702493,1.3066057748358255,1.1307092710691982,0.6373442703980504,1.246251090130527
297,-0.10445886666158942,-0.4162812488006706,-1.5915776499281498,1.2319467739264338,-1.1635873004670287,-0.10445886666158942,0.16338396603577698,-0.8721961651445225,-0.578322660144019,0.05660396118964676
298,0.21433910271203427,1.5084226680065715,0.21433910271203455,0.3533937178040876,0.5966394446157477,-0.45295398112756896,0.9454581061489408,1.5135993091743227,1.8290068690656283,-0.14433405557651327
299,-0.30932908153698196,-0.9454581061489408,1.214322621347255,0.012512631381974233,-1.5084226680065709,0.3533937178040876,0.5669989721224519,-0.3382751030656424,-0.779176823676665,-0.4706266913249099
